"Var","Freq","Prop"
"C",2843,0.421185185185185
"A",2139,0.316888888888889
"B",1768,0.261925925925926
